Date,Mean GISTEMP,Mean GCAG
1880-01-06,-0.3,0.0009
1880-02-06,-0.21,-0.1229
1880-03-06,-0.18,-0.1357
1880-04-06,-0.27,-0.0499
1880-05-06,-0.14,-0.0738
1880-06-06,-0.29,-0.1692
1880-07-06,-0.24,-0.1491
1880-08-06,-0.08,-0.0725
1880-09-06,-0.17,-0.0817
1880-10-06,-0.16,-0.1786
1880-11-06,-0.19,-0.2672
1880-12-06,-0.22,-0.0775
1881-01-06,-0.1,-0.0205
1881-02-06,-0.14,-0.0296
1881-03-06,0.01,0.0348
1881-04-06,-0.03,0.0734
1881-05-06,-0.04,0.0284
1881-06-06,-0.28,-0.0892
1881-07-06,-0.07,-0.0329
1881-08-06,-0.03,-0.0519
1881-09-06,-0.09,-0.1824
1881-10-06,-0.2,-0.2207
1881-11-06,-0.26,-0.2194
1881-12-06,-0.16,-0.0439
1882-01-06,0.09,0.0883
1882-02-06,0.08,0.0385
1882-03-06,0.01,0.0754
1882-04-06,-0.2,-0.1241
1882-05-06,-0.18,-0.1459
1882-06-06,-0.25,-0.1391
1882-07-06,-0.11,-0.0666
1882-08-06,0.03,-0.0037
1882-09-06,-0.01,0.0077
1882-10-06,-0.23,-0.2101
1882-11-06,-0.21,-0.1279
1882-12-06,-0.25,-0.1705
1883-01-06,-0.34,-0.2707
1883-02-06,-0.42,-0.2915
1883-03-06,-0.18,-0.1326
1883-04-06,-0.25,-0.1746
1883-05-06,-0.26,-0.1455
1883-06-06,-0.13,-0.0066
1883-07-06,-0.09,-0.0849
1883-08-06,-0.14,-0.0526
1883-09-06,-0.19,-0.1467
1883-10-06,-0.12,-0.1612
1883-11-06,-0.21,-0.1683
1883-12-06,-0.19,-0.0738
1884-01-06,-0.18,-0.1843
1884-02-06,-0.13,-0.14300000000000002
1884-03-06,-0.36,-0.2061
1884-04-06,-0.36,-0.1809
1884-05-06,-0.32,-0.1282
1884-06-06,-0.38,-0.1939
1884-07-06,-0.35,-0.2985
1884-08-06,-0.27,-0.2698
1884-09-06,-0.24,-0.2238
1884-10-06,-0.22,-0.1695
1884-11-06,-0.3,-0.2692
1884-12-06,-0.3,-0.14400000000000002
1885-01-06,-0.66,-0.4267
1885-02-06,-0.3,-0.2558
1885-03-06,-0.24,-0.1473
1885-04-06,-0.45,-0.2564
1885-05-06,-0.42,-0.2787
1885-06-06,-0.5,-0.3052
1885-07-06,-0.29,-0.2375
1885-08-06,-0.27,-0.2407
1885-09-06,-0.19,-0.1963
1885-10-06,-0.2,-0.1289
1885-11-06,-0.22,-0.1262
1885-12-06,-0.07,0.05
1886-01-06,-0.43,-0.1143
1886-02-06,-0.46,-0.2795
1886-03-06,-0.41,-0.2823
1886-04-06,-0.29,-0.1679
1886-05-06,-0.27,-0.1573
1886-06-06,-0.39,-0.2468
1886-07-06,-0.16,-0.1599
1886-08-06,-0.31,-0.2146
1886-09-06,-0.19,-0.1969
1886-10-06,-0.25,-0.2261
1886-11-06,-0.26,-0.1952
1886-12-06,-0.25,-0.163
1887-01-06,-0.66,-0.3792
1887-02-06,-0.48,-0.3745
1887-03-06,-0.32,-0.1655
1887-04-06,-0.37,-0.1899
1887-05-06,-0.33,-0.239
1887-06-06,-0.21,-0.2149
1887-07-06,-0.19,-0.2707
1887-08-06,-0.28,-0.3148
1887-09-06,-0.19,-0.1827
1887-10-06,-0.32,-0.2995
1887-11-06,-0.25,-0.1572
1887-12-06,-0.38,-0.1988
1888-01-06,-0.43,-0.3871
1888-02-06,-0.43,-0.3288
1888-03-06,-0.47,-0.2974
1888-04-06,-0.28,-0.1761
1888-05-06,-0.22,-0.1561
1888-06-06,-0.2,-0.0943
1888-07-06,-0.1,-0.1149
1888-08-06,-0.11,-0.1633
1888-09-06,-0.07,-0.069
1888-10-06,0.01,0.019
1888-11-06,0.0,-0.0418
1888-12-06,-0.12,0.0445
1889-01-06,-0.21,-0.0944
1889-02-06,0.14,0.0152
1889-03-06,0.04,0.1207
1889-04-06,0.04,0.0496
1889-05-06,-0.03,-0.0326
1889-06-06,-0.12,-0.0698
1889-07-06,-0.05,-0.1604
1889-08-06,-0.18,-0.13699999999999998
1889-09-06,-0.18,-0.2264
1889-10-06,-0.22,-0.1913
1889-11-06,-0.32,-0.2769
1889-12-06,-0.31,-0.175
1890-01-06,-0.48,-0.3594
1890-02-06,-0.48,-0.4268
1890-03-06,-0.41,-0.3189
1890-04-06,-0.38,-0.2588
1890-05-06,-0.48,-0.3892
1890-06-06,-0.27,-0.2875
1890-07-06,-0.3,-0.2802
1890-08-06,-0.36,-0.3257
1890-09-06,-0.36,-0.3508
1890-10-06,-0.23,-0.2941
1890-11-06,-0.37,-0.3419
1890-12-06,-0.3,-0.2302
1891-01-06,-0.46,-0.3772
1891-02-06,-0.49,-0.5228
1891-03-06,-0.15,-0.212
1891-04-06,-0.25,-0.2523
1891-05-06,-0.17,-0.1374
1891-06-06,-0.22,-0.2023
1891-07-06,-0.22,-0.2264
1891-08-06,-0.21,-0.2313
1891-09-06,-0.13,-0.1514
1891-10-06,-0.24,-0.2861
1891-11-06,-0.37,-0.3968
1891-12-06,-0.03,-0.0421
1892-01-06,-0.26,-0.2372
1892-02-06,-0.15,-0.1353
1892-03-06,-0.36,-0.3032
1892-04-06,-0.35,-0.3203
1892-05-06,-0.25,-0.3081
1892-06-06,-0.2,-0.2831
1892-07-06,-0.28,-0.3497
1892-08-06,-0.2,-0.3279
1892-09-06,-0.25,-0.2198
1892-10-06,-0.17,-0.2464
1892-11-06,-0.49,-0.4728
1892-12-06,-0.29,-0.4708
1893-01-06,-0.69,-0.6796
1893-02-06,-0.51,-0.6107
1893-03-06,-0.24,-0.2218
1893-04-06,-0.32,-0.35
1893-05-06,-0.35,-0.3421
1893-06-06,-0.24,-0.2405
1893-07-06,-0.14,-0.2018
1893-08-06,-0.24,-0.3281
1893-09-06,-0.18,-0.2587
1893-10-06,-0.16,-0.2099
1893-11-06,-0.17,-0.1657
1893-12-06,-0.38,-0.2452
1894-01-06,-0.55,-0.436
1894-02-06,-0.31,-0.2215
1894-03-06,-0.2,-0.2064
1894-04-06,-0.41,-0.3023
1894-05-06,-0.3,-0.3018
1894-06-06,-0.43,-0.3487
1894-07-06,-0.32,-0.2738
1894-08-06,-0.29,-0.2735
1894-09-06,-0.23,-0.2531
1894-10-06,-0.17,-0.2135
1894-11-06,-0.25,-0.2979
1894-12-06,-0.22,-0.2412
1895-01-06,-0.44,-0.4389
1895-02-06,-0.42,-0.4136
1895-03-06,-0.3,-0.2879
1895-04-06,-0.23,-0.1868
1895-05-06,-0.23,-0.2076
1895-06-06,-0.25,-0.2938
1895-07-06,-0.16,-0.201
1895-08-06,-0.16,-0.2243
1895-09-06,-0.02,-0.1329
1895-10-06,-0.11,-0.1317
1895-11-06,-0.15,-0.1602
1895-12-06,-0.12,-0.069
1896-01-06,-0.23,-0.1056
1896-02-06,-0.15,-0.0789
1896-03-06,-0.29,-0.2079
1896-04-06,-0.33,-0.266
1896-05-06,-0.19,-0.1042
1896-06-06,-0.13,-0.0925
1896-07-06,-0.06,-0.0509
1896-08-06,-0.09,-0.0723
1896-09-06,-0.05,-0.0679
1896-10-06,0.04,-0.0056
1896-11-06,-0.16,-0.1659
1896-12-06,-0.12,0.049
1897-01-06,-0.22,-0.1857
1897-02-06,-0.19,-0.1086
1897-03-06,-0.12,-0.1863
1897-04-06,-0.01,-0.0032
1897-05-06,0.0,-0.0256
1897-06-06,-0.12,-0.1
1897-07-06,-0.04,-0.0401
1897-08-06,-0.03,-0.0735
1897-09-06,-0.04,-0.0247
1897-10-06,-0.1,-0.1608
1897-11-06,-0.18,-0.2619
1897-12-06,-0.26,-0.2989
1898-01-06,-0.06,-0.0399
1898-02-06,-0.34,-0.2785
1898-03-06,-0.55,-0.6515
1898-04-06,-0.33,-0.3467
1898-05-06,-0.35,-0.2887
1898-06-06,-0.2,-0.2078
1898-07-06,-0.22,-0.2426
1898-08-06,-0.22,-0.2306
1898-09-06,-0.19,-0.1968
1898-10-06,-0.32,-0.3234
1898-11-06,-0.35,-0.2417
1898-12-06,-0.22,-0.0073
1899-01-06,-0.18,-0.1005
1899-02-06,-0.39,-0.2787
1899-03-06,-0.35,-0.2549
1899-04-06,-0.21,-0.1946
1899-05-06,-0.2,-0.1203
1899-06-06,-0.26,-0.1977
1899-07-06,-0.13,-0.1259
1899-08-06,-0.04,-0.0664
1899-09-06,0.0,-0.0307
1899-10-06,0.0,-0.0241
1899-11-06,0.12,0.1523
1899-12-06,-0.27,-0.1656
1900-01-06,-0.4,-0.2404
1900-02-06,-0.08,-0.0934
1900-03-06,0.02,-0.0402
1900-04-06,-0.14,-0.0985
1900-05-06,-0.06,-0.0371
1900-06-06,-0.15,-0.045
1900-07-06,-0.09,-0.0728
1900-08-06,-0.04,-0.0708
1900-09-06,0.01,-0.06
1900-10-06,0.08,0.0464
1900-11-06,-0.13,-0.1345
1900-12-06,-0.14,0.032
1901-01-06,-0.3,-0.1259
1901-02-06,-0.05,-0.0741
1901-03-06,0.05,-0.0327
1901-04-06,-0.06,-0.0646
1901-05-06,-0.18,-0.1248
1901-06-06,-0.1,-0.1273
1901-07-06,-0.09,-0.1563
1901-08-06,-0.13,-0.1299
1901-09-06,-0.17,-0.2059
1901-10-06,-0.29,-0.2786
1901-11-06,-0.17,-0.1425
1901-12-06,-0.3,-0.2372
1902-01-06,-0.19,-0.0856
1902-02-06,-0.03,-0.0409
1902-03-06,-0.29,-0.1954
1902-04-06,-0.27,-0.2697
1902-05-06,-0.31,-0.2616
1902-06-06,-0.34,-0.3324
1902-07-06,-0.26,-0.2902
1902-08-06,-0.28,-0.2643
1902-09-06,-0.2,-0.2315
1902-10-06,-0.27,-0.2821
1902-11-06,-0.36,-0.34299999999999997
1902-12-06,-0.46,-0.3592
1903-01-06,-0.27,-0.2101
1903-02-06,-0.06,-0.08
1903-03-06,-0.23,-0.2755
1903-04-06,-0.39,-0.354
1903-05-06,-0.41,-0.3912
1903-06-06,-0.44,-0.3759
1903-07-06,-0.3,-0.33399999999999996
1903-08-06,-0.44,-0.4296
1903-09-06,-0.43,-0.3756
1903-10-06,-0.42,-0.4357
1903-11-06,-0.38,-0.395
1903-12-06,-0.47,-0.3861
1904-01-06,-0.64,-0.5416
1904-02-06,-0.55,-0.467
1904-03-06,-0.46,-0.5129
1904-04-06,-0.5,-0.4717
1904-05-06,-0.5,-0.4282
1904-06-06,-0.49,-0.4403
1904-07-06,-0.48,-0.4597
1904-08-06,-0.43,-0.4314
1904-09-06,-0.47,-0.4632
1904-10-06,-0.35,-0.4066
1904-11-06,-0.16,-0.1686
1904-12-06,-0.29,-0.2414
1905-01-06,-0.38,-0.354
1905-02-06,-0.59,-0.6187
1905-03-06,-0.25,-0.39399999999999996
1905-04-06,-0.36,-0.4481
1905-05-06,-0.33,-0.2879
1905-06-06,-0.31,-0.2503
1905-07-06,-0.25,-0.1918
1905-08-06,-0.21,-0.2275
1905-09-06,-0.15,-0.2239
1905-10-06,-0.23,-0.29600000000000004
1905-11-06,-0.08,-0.0916
1905-12-06,-0.21,-0.1334
1906-01-06,-0.31,-0.1755
1906-02-06,-0.34,-0.2379
1906-03-06,-0.15,-0.1484
1906-04-06,-0.02,-0.0514
1906-05-06,-0.21,-0.2166
1906-06-06,-0.22,-0.1768
1906-07-06,-0.27,-0.2467
1906-08-06,-0.19,-0.2362
1906-09-06,-0.25,-0.3053
1906-10-06,-0.2,-0.2809
1906-11-06,-0.38,-0.3676
1906-12-06,-0.18,-0.165
1907-01-06,-0.44,-0.3443
1907-02-06,-0.53,-0.4038
1907-03-06,-0.25,-0.276
1907-04-06,-0.4,-0.3508
1907-05-06,-0.46,-0.4669
1907-06-06,-0.43,-0.3742
1907-07-06,-0.35,-0.3547
1907-08-06,-0.37,-0.3378
1907-09-06,-0.32,-0.3364
1907-10-06,-0.24,-0.3047
1907-11-06,-0.51,-0.5055
1907-12-06,-0.5,-0.3922
1908-01-06,-0.46,-0.36
1908-02-06,-0.36,-0.3753
1908-03-06,-0.58,-0.6041
1908-04-06,-0.46,-0.4832
1908-05-06,-0.4,-0.3982
1908-06-06,-0.39,-0.4062
1908-07-06,-0.35,-0.3874
1908-08-06,-0.45,-0.4787
1908-09-06,-0.33,-0.3973
1908-10-06,-0.43,-0.5169
1908-11-06,-0.51,-0.4833
1908-12-06,-0.5,-0.3846
1909-01-06,-0.7,-0.5499
1909-02-06,-0.47,-0.4563
1909-03-06,-0.52,-0.5399
1909-04-06,-0.59,-0.5264
1909-05-06,-0.54,-0.4512
1909-06-06,-0.52,-0.4145
1909-07-06,-0.43,-0.435
1909-08-06,-0.3,-0.3052
1909-09-06,-0.37,-0.3611
1909-10-06,-0.39,-0.3935
1909-11-06,-0.31,-0.2733
1909-12-06,-0.55,-0.4071
1910-01-06,-0.44,-0.3035
1910-02-06,-0.43,-0.3627
1910-03-06,-0.47,-0.4202
1910-04-06,-0.39,-0.33899999999999997
1910-05-06,-0.34,-0.2999
1910-06-06,-0.36,-0.3525
1910-07-06,-0.31,-0.3264
1910-08-06,-0.34,-0.3325
1910-09-06,-0.37,-0.3322
1910-10-06,-0.39,-0.4199
1910-11-06,-0.56,-0.4956
1910-12-06,-0.69,-0.5626
1911-01-06,-0.64,-0.5067
1911-02-06,-0.6,-0.5265
1911-03-06,-0.62,-0.5697
1911-04-06,-0.55,-0.5099
1911-05-06,-0.51,-0.4775
1911-06-06,-0.47,-0.4443
1911-07-06,-0.41,-0.4658
1911-08-06,-0.43,-0.4541
1911-09-06,-0.38,-0.3983
1911-10-06,-0.26,-0.3433
1911-11-06,-0.2,-0.2571
1911-12-06,-0.25,-0.2456
1912-01-06,-0.27,-0.2791
1912-02-06,-0.13,-0.1091
1912-03-06,-0.37,-0.3123
1912-04-06,-0.2,-0.2027
1912-05-06,-0.2,-0.2257
1912-06-06,-0.26,-0.26
1912-07-06,-0.41,-0.314
1912-08-06,-0.51,-0.4516
1912-09-06,-0.47,-0.5056
1912-10-06,-0.55,-0.5185
1912-11-06,-0.38,-0.4122
1912-12-06,-0.42,-0.3553
1913-01-06,-0.41,-0.3513
1913-02-06,-0.44,-0.3899
1913-03-06,-0.44,-0.4077
1913-04-06,-0.36,-0.3506
1913-05-06,-0.45,-0.39399999999999996
1913-06-06,-0.46,-0.3779
1913-07-06,-0.34,-0.3534
1913-08-06,-0.32,-0.32799999999999996
1913-09-06,-0.32,-0.3562
1913-10-06,-0.34,-0.3112
1913-11-06,-0.18,-0.1371
1913-12-06,-0.04,-0.0374
1914-01-06,0.02,0.0961
1914-02-06,-0.13,-0.1203
1914-03-06,-0.23,-0.1633
1914-04-06,-0.28,-0.2481
1914-05-06,-0.19,-0.1647
1914-06-06,-0.22,-0.1963
1914-07-06,-0.24,-0.2095
1914-08-06,-0.15,-0.1757
1914-09-06,-0.13,-0.1781
1914-10-06,-0.05,-0.0938
1914-11-06,-0.2,-0.1202
1914-12-06,-0.1,-0.0998
1915-01-06,-0.2,-0.1374
1915-02-06,-0.01,-0.0108
1915-03-06,-0.08,-0.1011
1915-04-06,0.07,0.0215
1915-05-06,-0.01,-0.0685
1915-06-06,-0.16,-0.0858
1915-07-06,-0.03,-0.0284
1915-08-06,-0.15,-0.076
1915-09-06,-0.12,-0.1111
1915-10-06,-0.22,-0.1722
1915-11-06,-0.12,-0.0116
1915-12-06,-0.25,-0.0503
1916-01-06,-0.2,-0.1797
1916-02-06,-0.23,-0.1759
1916-03-06,-0.31,-0.2944
1916-04-06,-0.25,-0.1978
1916-05-06,-0.27,-0.2245
1916-06-06,-0.44,-0.3834
1916-07-06,-0.34,-0.2889
1916-08-06,-0.27,-0.2743
1916-09-06,-0.29,-0.2616
1916-10-06,-0.28,-0.2651
1916-11-06,-0.42,-0.3957
1916-12-06,-0.78,-0.5742
1917-01-06,-0.46,-0.4299
1917-02-06,-0.53,-0.4721
1917-03-06,-0.47,-0.4287
1917-04-06,-0.38,-0.3146
1917-05-06,-0.48,-0.45
1917-06-06,-0.4,-0.3432
1917-07-06,-0.23,-0.1721
1917-08-06,-0.26,-0.1726
1917-09-06,-0.18,-0.0635
1917-10-06,-0.35,-0.2602
1917-11-06,-0.29,-0.1348
1917-12-06,-0.71,-0.5329
1918-01-06,-0.44,-0.2146
1918-02-06,-0.33,-0.2892
1918-03-06,-0.21,-0.1783
1918-04-06,-0.4,-0.2966
1918-05-06,-0.37,-0.276
1918-06-06,-0.28,-0.1829
1918-07-06,-0.22,-0.2024
1918-08-06,-0.26,-0.1777
1918-09-06,-0.14,-0.1481
1918-10-06,-0.03,-0.0998
1918-11-06,-0.16,-0.1154
1918-12-06,-0.3,-0.3195
1919-01-06,-0.21,-0.2424
1919-02-06,-0.19,-0.053
1919-03-06,-0.25,-0.2393
1919-04-06,-0.17,-0.0704
1919-05-06,-0.2,-0.1837
1919-06-06,-0.28,-0.2348
1919-07-06,-0.21,-0.2155
1919-08-06,-0.19,-0.2077
1919-09-06,-0.17,-0.1833
1919-10-06,-0.16,-0.22
1919-11-06,-0.29,-0.3178
1919-12-06,-0.35,-0.298
1920-01-06,-0.15,-0.1157
1920-02-06,-0.22,-0.2197
1920-03-06,-0.08,-0.0583
1920-04-06,-0.26,-0.2098
1920-05-06,-0.26,-0.1682
1920-06-06,-0.33,-0.2559
1920-07-06,-0.32,-0.2436
1920-08-06,-0.29,-0.2306
1920-09-06,-0.2,-0.1755
1920-10-06,-0.29,-0.2096
1920-11-06,-0.33,-0.251
1920-12-06,-0.47,-0.3886
1921-01-06,-0.04,-0.0598
1921-02-06,-0.21,-0.1494
1921-03-06,-0.28,-0.2176
1921-04-06,-0.36,-0.2059
1921-05-06,-0.36,-0.1917
1921-06-06,-0.31,-0.1665
1921-07-06,-0.16,-0.1123
1921-08-06,-0.24,-0.1964
1921-09-06,-0.16,-0.1481
1921-10-06,-0.06,-0.0662
1921-11-06,-0.16,-0.1859
1921-12-06,-0.18,-0.0822
1922-01-06,-0.34,-0.3221
1922-02-06,-0.44,-0.2945
1922-03-06,-0.13,-0.0787
1922-04-06,-0.22,-0.1301
1922-05-06,-0.34,-0.2647
1922-06-06,-0.32,-0.282
1922-07-06,-0.27,-0.2615
1922-08-06,-0.31,-0.2793
1922-09-06,-0.29,-0.2525
1922-10-06,-0.33,-0.2506
1922-11-06,-0.17,-0.1929
1922-12-06,-0.17,-0.1563
1923-01-06,-0.27,-0.2143
1923-02-06,-0.37,-0.3785
1923-03-06,-0.32,-0.2697
1923-04-06,-0.38,-0.3381
1923-05-06,-0.33,-0.2488
1923-06-06,-0.24,-0.1948
1923-07-06,-0.29,-0.282
1923-08-06,-0.3,-0.2824
1923-09-06,-0.28,-0.2454
1923-10-06,-0.13,-0.1619
1923-11-06,0.03,0.0285
1923-12-06,-0.06,0.0001
1924-01-06,-0.24,-0.2536
1924-02-06,-0.27,-0.1859
1924-03-06,-0.12,-0.113
1924-04-06,-0.35,-0.2466
1924-05-06,-0.19,-0.1903
1924-06-06,-0.28,-0.2259
1924-07-06,-0.27,-0.2216
1924-08-06,-0.35,-0.2895
1924-09-06,-0.3,-0.2836
1924-10-06,-0.36,-0.2879
1924-11-06,-0.23,-0.2942
1924-12-06,-0.43,-0.3912
1925-01-06,-0.34,-0.3246
1925-02-06,-0.35,-0.2783
1925-03-06,-0.24,-0.1692
1925-04-06,-0.25,-0.1633
1925-05-06,-0.3,-0.2233
1925-06-06,-0.34,-0.2291
1925-07-06,-0.3,-0.2093
1925-08-06,-0.19,-0.1374
1925-09-06,-0.13,-0.10400000000000001
1925-10-06,-0.17,-0.1326
1925-11-06,0.03,0.0584
1925-12-06,0.11,0.1358
1926-01-06,0.2,0.166
1926-02-06,0.07,0.0811
1926-03-06,0.12,0.0756
1926-04-06,-0.15,-0.1389
1926-05-06,-0.25,-0.1345
1926-06-06,-0.25,-0.1224
1926-07-06,-0.21,-0.1582
1926-08-06,-0.11,-0.0882
1926-09-06,-0.11,-0.1031
1926-10-06,-0.11,-0.084
1926-11-06,-0.06,-0.0784
1926-12-06,-0.3,-0.2158
1927-01-06,-0.28,-0.1723
1927-02-06,-0.21,-0.1917
1927-03-06,-0.39,-0.2563
1927-04-06,-0.31,-0.2207
1927-05-06,-0.25,-0.2286
1927-06-06,-0.27,-0.2014
1927-07-06,-0.15,-0.1035
1927-08-06,-0.19,-0.1145
1927-09-06,-0.06,-0.0275
1927-10-06,-0.01,0.013999999999999999
1927-11-06,-0.04,-0.0397
1927-12-06,-0.36,-0.3132
1928-01-06,-0.04,-0.08
1928-02-06,-0.12,-0.145
1928-03-06,-0.28,-0.263
1928-04-06,-0.29,-0.2444
1928-05-06,-0.3,-0.1866
1928-06-06,-0.41,-0.2777
1928-07-06,-0.21,-0.1773
1928-08-06,-0.25,-0.1997
1928-09-06,-0.2,-0.1904
1928-10-06,-0.19,-0.1256
1928-11-06,-0.09,-0.0679
1928-12-06,-0.2,-0.1713
1929-01-06,-0.47,-0.484
1929-02-06,-0.61,-0.5495
1929-03-06,-0.34,-0.2654
1929-04-06,-0.4,-0.2976
1929-05-06,-0.39,-0.2886
1929-06-06,-0.43,-0.2746
1929-07-06,-0.33,-0.2735
1929-08-06,-0.29,-0.2078
1929-09-06,-0.23,-0.2089
1929-10-06,-0.15,-0.1185
1929-11-06,-0.14,-0.0971
1929-12-06,-0.55,-0.5167
1930-01-06,-0.29,-0.3206
1930-02-06,-0.24,-0.2
1930-03-06,-0.08,-0.0549
1930-04-06,-0.26,-0.195
1930-05-06,-0.25,-0.1976
1930-06-06,-0.19,-0.1135
1930-07-06,-0.17,-0.0692
1930-08-06,-0.11,-0.09
1930-09-06,-0.11,-0.1043
1930-10-06,-0.08,-0.0011
1930-11-06,0.14,0.1368
1930-12-06,-0.09,0.0064
1931-01-06,-0.1,-0.047
1931-02-06,-0.22,-0.2225
1931-03-06,-0.06,-0.0061
1931-04-06,-0.21,-0.1625
1931-05-06,-0.22,-0.1499
1931-06-06,-0.06,-0.0185
1931-07-06,0.01,-0.0155
1931-08-06,0.0,0.0047
1931-09-06,-0.06,0.0035
1931-10-06,0.0,0.0092
1931-11-06,-0.12,-0.1139
1931-12-06,-0.1,-0.1052
1932-01-06,0.13,0.1547
1932-02-06,-0.18,-0.1794
1932-03-06,-0.2,-0.1799
1932-04-06,-0.07,-0.0324
1932-05-06,-0.22,-0.1674
1932-06-06,-0.3,-0.1578
1932-07-06,-0.24,-0.1208
1932-08-06,-0.24,-0.1757
1932-09-06,-0.11,-0.0695
1932-10-06,-0.1,-0.0926
1932-11-06,-0.26,-0.1945
1932-12-06,-0.22,-0.1861
1933-01-06,-0.34,-0.3073
1933-02-06,-0.32,-0.3167
1933-03-06,-0.29,-0.2476
1933-04-06,-0.23,-0.2044
1933-05-06,-0.25,-0.2091
1933-06-06,-0.32,-0.2007
1933-07-06,-0.2,-0.18100000000000002
1933-08-06,-0.23,-0.1889
1933-09-06,-0.26,-0.2214
1933-10-06,-0.24,-0.1879
1933-11-06,-0.31,-0.2548
1933-12-06,-0.47,-0.4069
1934-01-06,-0.27,-0.3102
1934-02-06,-0.04,-0.0231
1934-03-06,-0.31,-0.2574
1934-04-06,-0.27,-0.2318
1934-05-06,-0.11,-0.0444
1934-06-06,-0.14,-0.0025
1934-07-06,-0.11,-0.0894
1934-08-06,-0.1,-0.0548
1934-09-06,-0.16,-0.1226
1934-10-06,-0.11,-0.0693
1934-11-06,-0.01,0.0128
1934-12-06,-0.09,-0.0256
1935-01-06,-0.37,-0.2894
1935-02-06,0.11,0.1659
1935-03-06,-0.13,-0.1475
1935-04-06,-0.35,-0.2567
1935-05-06,-0.26,-0.2038
1935-06-06,-0.23,-0.1706
1935-07-06,-0.19,-0.1155
1935-08-06,-0.17,-0.1003
1935-09-06,-0.17,-0.0916
1935-10-06,-0.08,-0.013000000000000001
1935-11-06,-0.29,-0.2707
1935-12-06,-0.22,-0.1769
1936-01-06,-0.29,-0.2547
1936-02-06,-0.39,-0.3137
1936-03-06,-0.23,-0.2107
1936-04-06,-0.2,-0.1789
1936-05-06,-0.17,-0.1178
1936-06-06,-0.19,-0.1075
1936-07-06,-0.06,-0.0139
1936-08-06,-0.12,-0.0557
1936-09-06,-0.06,-0.0389
1936-10-06,-0.04,-0.0224
1936-11-06,-0.05,-0.0275
1936-12-06,-0.04,-0.0193
1937-01-06,-0.11,-0.1684
1937-02-06,0.05,0.0385
1937-03-06,-0.17,-0.1823
1937-04-06,-0.17,-0.1262
1937-05-06,-0.07,-0.0187
1937-06-06,-0.08,0.0126
1937-07-06,-0.05,-0.0004
1937-08-06,0.03,0.09300000000000001
1937-09-06,0.14,0.1316
1937-10-06,0.1,0.1137
1937-11-06,0.09,0.0099
1937-12-06,-0.12,-0.0919
1938-01-06,0.0,-0.0378
1938-02-06,-0.04,-0.054000000000000006
1938-03-06,0.05,0.0308
1938-04-06,0.05,0.0428
1938-05-06,-0.07,-0.019
1938-06-06,-0.17,-0.0939
1938-07-06,-0.09,-0.0505
1938-08-06,-0.04,-0.0149
1938-09-06,0.03,0.0293
1938-10-06,0.11,0.0724
1938-11-06,0.01,0.0039
1938-12-06,-0.26,-0.2541
1939-01-06,-0.13,-0.1665
1939-02-06,-0.12,-0.1137
1939-03-06,-0.2,-0.1897
1939-04-06,-0.12,-0.1319
1939-05-06,-0.07,-0.0366
1939-06-06,-0.08,-0.0077
1939-07-06,-0.06,0.0061
1939-08-06,-0.05,0.0555
1939-09-06,0.0,0.0111
1939-10-06,-0.03,-0.0427
1939-11-06,0.06,0.044000000000000004
1939-12-06,0.4,0.4057
1940-01-06,-0.15,-0.1226
1940-02-06,0.06,0.0514
1940-03-06,0.12,0.0671
1940-04-06,0.16,0.1286
1940-05-06,0.05,0.0556
1940-06-06,0.05,0.1039
1940-07-06,0.1,0.1459
1940-08-06,0.01,0.0902
1940-09-06,0.12,0.1483
1940-10-06,0.07,0.0993
1940-11-06,0.13,0.1004
1940-12-06,0.19,0.2683
1941-01-06,0.13,0.1802
1941-02-06,0.23,0.22699999999999998
1941-03-06,0.06,0.1023
1941-04-06,0.11,0.2229
1941-05-06,0.1,0.2446
1941-06-06,0.04,0.1614
1941-07-06,0.15,0.2069
1941-08-06,0.14,0.1736
1941-09-06,0.02,0.0881
1941-10-06,0.24,0.313
1941-11-06,0.12,0.2212
1941-12-06,0.14,0.2108
1942-01-06,0.26,0.2983
1942-02-06,0.05,0.0971
1942-03-06,0.13,0.1771
1942-04-06,0.14,0.19
1942-05-06,0.14,0.1665
1942-06-06,0.11,0.2098
1942-07-06,0.02,0.0768
1942-08-06,-0.03,0.044000000000000004
1942-09-06,0.0,0.1179
1942-10-06,0.06,0.1495
1942-11-06,0.13,0.16699999999999998
1942-12-06,0.12,0.1515
1943-01-06,-0.01,-0.0241
1943-02-06,0.22,0.1683
1943-03-06,0.01,0.0762
1943-04-06,0.13,0.1726
1943-05-06,0.1,0.1326
1943-06-06,-0.01,0.0245
1943-07-06,0.14,0.183
1943-08-06,0.03,0.0992
1943-09-06,0.11,0.1425
1943-10-06,0.3,0.3095
1943-11-06,0.25,0.2459
1943-12-06,0.28,0.3539
1944-01-06,0.41,0.4241
1944-02-06,0.31,0.3032
1944-03-06,0.34,0.3676
1944-04-06,0.27,0.2718
1944-05-06,0.26,0.2618
1944-06-06,0.22,0.3348
1944-07-06,0.23,0.3145
1944-08-06,0.23,0.2804
1944-09-06,0.31,0.3855
1944-10-06,0.27,0.32299999999999995
1944-11-06,0.12,0.1518
1944-12-06,0.05,0.0951
1945-01-06,0.13,0.1535
1945-02-06,0.02,0.0149
1945-03-06,0.11,0.1072
1945-04-06,0.24,0.2764
1945-05-06,0.1,0.1761
1945-06-06,0.02,0.1413
1945-07-06,0.07,0.1652
1945-08-06,0.25,0.3546
1945-09-06,0.22,0.2578
1945-10-06,0.22,0.2569
1945-11-06,0.1,0.1955
1945-12-06,-0.1,-0.0475
1946-01-06,0.15,0.2209
1946-02-06,0.06,0.0888
1946-03-06,0.0,0.0005
1946-04-06,0.11,0.1768
1946-05-06,-0.04,-0.0298
1946-06-06,-0.17,-0.1016
1946-07-06,-0.09,-0.0367
1946-08-06,-0.08,-0.0697
1946-09-06,-0.02,-0.0164
1946-10-06,-0.06,-0.0057
1946-11-06,-0.02,-0.0119
1946-12-06,-0.29,-0.2636
1947-01-06,-0.13,-0.1816
1947-02-06,-0.08,-0.0774
1947-03-06,0.05,-0.0079
1947-04-06,0.04,0.0143
1947-05-06,-0.06,-0.019
1947-06-06,0.0,0.0208
1947-07-06,-0.06,-0.0138
1947-08-06,-0.08,-0.0623
1947-09-06,-0.14,-0.1306
1947-10-06,0.06,0.0549
1947-11-06,-0.01,-0.0238
1947-12-06,-0.18,-0.1463
1948-01-06,0.05,0.0535
1948-02-06,-0.13,-0.0906
1948-03-06,-0.23,-0.1841
1948-04-06,-0.09,-0.0646
1948-05-06,0.08,0.1427
1948-06-06,-0.05,-0.015
1948-07-06,-0.13,-0.0622
1948-08-06,-0.1,-0.0282
1948-09-06,-0.1,-0.1032
1948-10-06,-0.07,-0.065
1948-11-06,-0.08,-0.055999999999999994
1948-12-06,-0.23,-0.1121
1949-01-06,0.09,0.1209
1949-02-06,-0.16,-0.1476
1949-03-06,-0.01,-0.0732
1949-04-06,-0.07,0.0076
1949-05-06,-0.09,-0.0063
1949-06-06,-0.22,-0.1486
1949-07-06,-0.13,-0.077
1949-08-06,-0.08,-0.0217
1949-09-06,-0.08,-0.0701
1949-10-06,-0.03,-0.0297
1949-11-06,-0.08,-0.0534
1949-12-06,-0.19,-0.1821
1950-01-06,-0.3,-0.2777
1950-02-06,-0.26,-0.2389
1950-03-06,-0.06,-0.0868
1950-04-06,-0.21,-0.1706
1950-05-06,-0.12,-0.0536
1950-06-06,-0.06,-0.0559
1950-07-06,-0.09,-0.1053
1950-08-06,-0.18,-0.1382
1950-09-06,-0.1,-0.1049
1950-10-06,-0.2,-0.1661
1950-11-06,-0.35,-0.3605
1950-12-06,-0.2,-0.18100000000000002
1951-01-06,-0.35,-0.2903
1951-02-06,-0.44,-0.4101
1951-03-06,-0.19,-0.1689
1951-04-06,-0.1,-0.0877
1951-05-06,-0.02,0.0569
1951-06-06,-0.05,0.0381
1951-07-06,0.0,0.1101
1951-08-06,0.05,0.113
1951-09-06,0.07,0.1322
1951-10-06,0.06,0.1081
1951-11-06,0.0,0.026000000000000002
1951-12-06,0.15,0.2148
1952-01-06,0.16,0.152
1952-02-06,0.12,0.0921
1952-03-06,-0.1,-0.048
1952-04-06,0.02,0.0666
1952-05-06,-0.05,0.034
1952-06-06,-0.04,0.0396
1952-07-06,0.05,0.0735
1952-08-06,0.07,0.0647
1952-09-06,0.08,0.0653
1952-10-06,-0.04,-0.0366
1952-11-06,-0.17,-0.1975
1952-12-06,-0.02,-0.008
1953-01-06,0.09,0.1037
1953-02-06,0.16,0.1534
1953-03-06,0.11,0.1539
1953-04-06,0.2,0.1873
1953-05-06,0.08,0.14400000000000002
1953-06-06,0.08,0.124
1953-07-06,0.02,0.0662
1953-08-06,0.08,0.0812
1953-09-06,0.06,0.0632
1953-10-06,0.05,0.0723
1953-11-06,-0.05,-0.0621
1953-12-06,0.03,0.0555
1954-01-06,-0.28,-0.2352
1954-02-06,-0.1,-0.0865
1954-03-06,-0.12,-0.091
1954-04-06,-0.18,-0.1766
1954-05-06,-0.2,-0.20199999999999999
1954-06-06,-0.16,-0.1161
1954-07-06,-0.16,-0.1229
1954-08-06,-0.13,-0.0913
1954-09-06,-0.07,-0.0595
1954-10-06,-0.01,-0.0694
1954-11-06,0.08,0.039
1954-12-06,-0.18,-0.1859
1955-01-06,0.11,0.0879
1955-02-06,-0.21,-0.1303
1955-03-06,-0.36,-0.3091
1955-04-06,-0.23,-0.2383
1955-05-06,-0.2,-0.1274
1955-06-06,-0.08,-0.0695
1955-07-06,-0.09,-0.0881
1955-08-06,0.04,-0.0262
1955-09-06,-0.13,-0.0923
1955-10-06,-0.05,-0.1232
1955-11-06,-0.28,-0.2373
1955-12-06,-0.32,-0.2706
1956-01-06,-0.17,-0.1773
1956-02-06,-0.25,-0.2732
1956-03-06,-0.23,-0.2003
1956-04-06,-0.26,-0.2846
1956-05-06,-0.28,-0.2275
1956-06-06,-0.15,-0.1437
1956-07-06,-0.12,-0.1346
1956-08-06,-0.25,-0.1866
1956-09-06,-0.22,-0.252
1956-10-06,-0.24,-0.1989
1956-11-06,-0.17,-0.1564
1956-12-06,-0.1,-0.153
1957-01-06,-0.14,-0.1178
1957-02-06,-0.05,-0.1118
1957-03-06,-0.05,-0.068
1957-04-06,-0.04,-0.0193
1957-05-06,0.08,0.1092
1957-06-06,0.16,0.1577
1957-07-06,0.01,0.0596
1957-08-06,0.14,0.1302
1957-09-06,0.06,0.0748
1957-10-06,0.01,0.0143
1957-11-06,0.07,0.1282
1957-12-06,0.16,0.22899999999999998
1958-01-06,0.39,0.2964
1958-02-06,0.24,0.2103
1958-03-06,0.1,0.1181
1958-04-06,0.01,0.114
1958-05-06,0.08,0.1007
1958-06-06,-0.05,0.0624
1958-07-06,0.06,0.0649
1958-08-06,-0.06,0.0528
1958-09-06,-0.03,0.0186
1958-10-06,0.04,0.0405
1958-11-06,0.02,0.0896
1958-12-06,0.01,0.1452
1959-01-06,0.06,0.125
1959-02-06,0.09,0.0682
1959-03-06,0.19,0.2041
1959-04-06,0.16,0.11800000000000001
1959-05-06,0.06,0.0263
1959-06-06,0.02,0.0849
1959-07-06,0.06,0.0671
1959-08-06,-0.01,0.0516
1959-09-06,-0.06,0.09699999999999999
1959-10-06,-0.09,-0.0137
1959-11-06,-0.09,-0.079
1959-12-06,-0.03,-0.0343
1960-01-06,-0.01,0.0032
1960-02-06,0.14,0.1858
1960-03-06,-0.36,-0.2041
1960-04-06,-0.16,-0.0954
1960-05-06,-0.08,-0.0841
1960-06-06,0.01,0.0772
1960-07-06,-0.02,0.0339
1960-08-06,-0.01,0.0461
1960-09-06,0.05,0.0638
1960-10-06,0.07,0.039
1960-11-06,-0.11,-0.0484
1960-12-06,0.18,0.2278
1961-01-06,0.07,0.1188
1961-02-06,0.18,0.1768
1961-03-06,0.09,0.1646
1961-04-06,0.15,0.1335
1961-05-06,0.13,0.1614
1961-06-06,0.12,0.1479
1961-07-06,-0.03,0.035
1961-08-06,0.02,0.032
1961-09-06,0.05,-0.0041
1961-10-06,0.0,-0.035
1961-11-06,0.03,0.016
1961-12-06,-0.15,-0.0171
1962-01-06,0.08,0.1345
1962-02-06,0.14,0.1698
1962-03-06,0.12,0.1197
1962-04-06,0.05,0.0763
1962-05-06,-0.06,0.0589
1962-06-06,0.06,0.0574
1962-07-06,-0.02,0.0905
1962-08-06,-0.02,0.0552
1962-09-06,-0.01,0.0606
1962-10-06,-0.03,0.0796
1962-11-06,0.06,0.0745
1962-12-06,-0.01,0.0881
1963-01-06,-0.03,0.0376
1963-02-06,0.19,0.2566
1963-03-06,-0.13,-0.0216
1963-04-06,-0.05,-0.0041
1963-05-06,-0.09,0.013000000000000001
1963-06-06,0.03,0.0499
1963-07-06,0.08,0.1382
1963-08-06,0.25,0.1579
1963-09-06,0.2,0.1629
1963-10-06,0.15,0.2148
1963-11-06,0.15,0.1947
1963-12-06,0.0,0.0812
1964-01-06,-0.06,0.0488
1964-02-06,-0.12,-0.1048
1964-03-06,-0.22,-0.1421
1964-04-06,-0.3,-0.1847
1964-05-06,-0.25,-0.098
1964-06-06,-0.07,-0.0931
1964-07-06,-0.07,-0.1111
1964-08-06,-0.2,-0.1669
1964-09-06,-0.28,-0.2093
1964-10-06,-0.3,-0.2665
1964-11-06,-0.21,-0.2017
1964-12-06,-0.3,-0.2651
1965-01-06,-0.09,-0.0699
1965-02-06,-0.17,-0.1966
1965-03-06,-0.11,-0.1005
1965-04-06,-0.2,-0.1875
1965-05-06,-0.14,-0.0787
1965-06-06,-0.08,-0.0434
1965-07-06,-0.12,-0.0841
1965-08-06,-0.01,-0.0464
1965-09-06,-0.15,-0.0503
1965-10-06,-0.04,0.0238
1965-11-06,-0.06,-0.09
1965-12-06,-0.05,-0.0124
1966-01-06,-0.16,-0.0458
1966-02-06,0.0,-0.0373
1966-03-06,0.04,-0.0025
1966-04-06,-0.13,-0.0908
1966-05-06,-0.1,-0.0359
1966-06-06,0.02,0.0577
1966-07-06,0.09,0.0667
1966-08-06,-0.1,0.0191
1966-09-06,-0.01,0.0261
1966-10-06,-0.15,-0.0592
1966-11-06,-0.02,-0.0465
1966-12-06,-0.06,-0.1244
1967-01-06,-0.06,-0.1068
1967-02-06,-0.2,-0.1656
1967-03-06,0.03,0.0029
1967-04-06,-0.05,0.0056
1967-05-06,0.14,0.1243
1967-06-06,-0.08,-0.0299
1967-07-06,0.01,-0.0177
1967-08-06,0.02,-0.0055
1967-09-06,-0.04,-0.0317
1967-10-06,0.06,0.1288
1967-11-06,-0.06,-0.0212
1967-12-06,-0.02,-0.04
1968-01-06,-0.23,-0.1865
1968-02-06,-0.15,-0.1266
1968-03-06,0.21,0.1508
1968-04-06,-0.05,-0.0703
1968-05-06,-0.1,-0.0803
1968-06-06,-0.06,-0.0161
1968-07-06,-0.11,-0.0197
1968-08-06,-0.11,-0.0143
1968-09-06,-0.18,-0.0112
1968-10-06,0.12,0.0471
1968-11-06,-0.04,0.0156
1968-12-06,-0.14,-0.0431
1969-01-06,-0.11,-0.1295
1969-02-06,-0.14,-0.1038
1969-03-06,0.0,0.1222
1969-04-06,0.19,0.1935
1969-05-06,0.2,0.1756
1969-06-06,0.05,0.0766
1969-07-06,-0.01,0.0933
1969-08-06,0.03,0.0954
1969-09-06,0.1,0.0843
1969-10-06,0.11,0.0713
1969-11-06,0.12,0.1896
1969-12-06,0.27,0.2468
1970-01-06,0.09,0.1214
1970-02-06,0.22,0.2353
1970-03-06,0.08,0.0317
1970-04-06,0.09,0.131
1970-05-06,-0.05,0.0414
1970-06-06,-0.03,0.0295
1970-07-06,-0.04,-0.0218
1970-08-06,-0.11,-0.0198
1970-09-06,0.11,0.0077
1970-10-06,0.05,-0.0367
1970-11-06,0.01,0.0226
1970-12-06,-0.13,-0.0954
1971-01-06,-0.02,-0.0045
1971-02-06,-0.2,-0.2144
1971-03-06,-0.18,-0.1412
1971-04-06,-0.09,-0.1299
1971-05-06,-0.06,-0.0899
1971-06-06,-0.18,-0.1243
1971-07-06,-0.12,-0.063
1971-08-06,-0.03,-0.0688
1971-09-06,-0.01,-0.0443
1971-10-06,-0.05,-0.0763
1971-11-06,-0.04,0.0363
1971-12-06,-0.08,-0.0198
1972-01-06,-0.24,-0.2415
1972-02-06,-0.17,-0.1624
1972-03-06,0.02,0.0014
1972-04-06,-0.01,0.0357
1972-05-06,-0.03,0.0147
1972-06-06,0.04,0.0765
1972-07-06,0.02,0.0639
1972-08-06,0.18,0.0863
1972-09-06,0.03,0.0207
1972-10-06,0.09,0.0891
1972-11-06,0.03,0.0799
1972-12-06,0.18,0.2529
1973-01-06,0.28,0.259
1973-02-06,0.3,0.3722
1973-03-06,0.26,0.3305
1973-04-06,0.25,0.2502
1973-05-06,0.26,0.2152
1973-06-06,0.16,0.1972
1973-07-06,0.09,0.1163
1973-08-06,0.02,0.0774
1973-09-06,0.06,0.0563
1973-10-06,0.12,0.0446
1973-11-06,0.06,0.022000000000000002
1973-12-06,-0.06,0.0277
1974-01-06,-0.14,-0.1953
1974-02-06,-0.28,-0.2548
1974-03-06,-0.05,-0.0509
1974-04-06,-0.1,-0.042
1974-05-06,-0.01,-0.0246
1974-06-06,-0.05,-0.0375
1974-07-06,-0.03,0.0195
1974-08-06,0.12,0.0131
1974-09-06,-0.12,-0.0428
1974-10-06,-0.07,-0.0831
1974-11-06,-0.07,-0.0671
1974-12-06,-0.09,-0.0976
1975-01-06,0.07,0.1201
1975-02-06,0.07,0.0326
1975-03-06,0.14,0.1096
1975-04-06,0.06,0.0779
1975-05-06,0.16,0.0693
1975-06-06,-0.02,0.0342
1975-07-06,-0.03,0.0055
1975-08-06,-0.2,-0.0671
1975-09-06,-0.03,0.017
1975-10-06,-0.09,-0.1236
1975-11-06,-0.16,-0.145
1975-12-06,-0.17,-0.0895
1976-01-06,0.0,-0.0181
1976-02-06,-0.06,-0.1221
1976-03-06,-0.21,-0.2394
1976-04-06,-0.1,-0.0223
1976-05-06,-0.23,-0.1228
1976-06-06,-0.15,-0.07400000000000001
1976-07-06,-0.12,-0.0846
1976-08-06,-0.18,-0.0894
1976-09-06,-0.09,-0.0426
1976-10-06,-0.26,-0.1821
1976-11-06,-0.06,-0.0432
1976-12-06,0.09,0.0906
1977-01-06,0.18,0.0639
1977-02-06,0.2,0.2384
1977-03-06,0.25,0.3109
1977-04-06,0.27,0.282
1977-05-06,0.3,0.2368
1977-06-06,0.25,0.2474
1977-07-06,0.23,0.1737
1977-08-06,0.19,0.1418
1977-09-06,0.02,0.1867
1977-10-06,0.04,0.1189
1977-11-06,0.2,0.2603
1977-12-06,0.05,0.1124
1978-01-06,0.08,0.1606
1978-02-06,0.14,0.1306
1978-03-06,0.21,0.2228
1978-04-06,0.15,0.1324
1978-05-06,0.07,0.0596
1978-06-06,-0.03,0.0532
1978-07-06,0.07,0.0699
1978-08-06,-0.18,0.0033
1978-09-06,0.05,0.0748
1978-10-06,0.0,0.0646
1978-11-06,0.16,0.2245
1978-12-06,0.11,0.1512
1979-01-06,0.14,0.1602
1979-02-06,-0.09,0.0922
1979-03-06,0.19,0.243
1979-04-06,0.13,0.1112
1979-05-06,0.06,0.1569
1979-06-06,0.14,0.2183
1979-07-06,0.03,0.1746
1979-08-06,0.14,0.2263
1979-09-06,0.27,0.2519
1979-10-06,0.26,0.2945
1979-11-06,0.29,0.2953
1979-12-06,0.47,0.5032
1980-01-06,0.3,0.308
1980-02-06,0.42,0.3506
1980-03-06,0.29,0.2389
1980-04-06,0.32,0.3082
1980-05-06,0.34,0.316
1980-06-06,0.16,0.2474
1980-07-06,0.28,0.2172
1980-08-06,0.24,0.1957
1980-09-06,0.21,0.2008
1980-10-06,0.2,0.1821
1980-11-06,0.3,0.3319
1980-12-06,0.21,0.2674
1981-01-06,0.56,0.4656
1981-02-06,0.41,0.3629
1981-03-06,0.48,0.4083
1981-04-06,0.32,0.3579
1981-05-06,0.25,0.262
1981-06-06,0.31,0.2853
1981-07-06,0.35,0.2268
1981-08-06,0.35,0.2428
1981-09-06,0.17,0.18600000000000003
1981-10-06,0.13,0.1687
1981-11-06,0.21,0.2119
1981-12-06,0.4,0.42
1982-01-06,0.09,0.1342
1982-02-06,0.14,0.1593
1982-03-06,-0.01,0.0833
1982-04-06,0.1,0.2054
1982-05-06,0.16,0.1923
1982-06-06,0.05,0.1231
1982-07-06,0.13,0.1436
1982-08-06,0.08,0.1406
1982-09-06,0.15,0.233
1982-10-06,0.13,0.1771
1982-11-06,0.14,0.151
1982-12-06,0.43,0.4355
1983-01-06,0.52,0.5169
1983-02-06,0.4,0.4834
1983-03-06,0.42,0.4256
1983-04-06,0.3,0.2918
1983-05-06,0.35,0.2881
1983-06-06,0.18,0.2629
1983-07-06,0.15,0.2663
1983-08-06,0.3,0.3228
1983-09-06,0.38,0.3175
1983-10-06,0.15,0.2113
1983-11-06,0.3,0.4313
1983-12-06,0.17,0.2748
1984-01-06,0.3,0.2831
1984-02-06,0.17,0.1753
1984-03-06,0.29,0.272
1984-04-06,0.08,0.1503
1984-05-06,0.33,0.2834
1984-06-06,0.04,0.1306
1984-07-06,0.16,0.1193
1984-08-06,0.15,0.1687
1984-09-06,0.2,0.1431
1984-10-06,0.15,0.1187
1984-11-06,0.04,0.0365
1984-12-06,-0.06,-0.0926
1985-01-06,0.21,0.1783
1985-02-06,-0.06,0.0176
1985-03-06,0.17,0.1875
1985-04-06,0.11,0.1488
1985-05-06,0.17,0.1959
1985-06-06,0.17,0.129
1985-07-06,0.0,0.0779
1985-08-06,0.15,0.1287
1985-09-06,0.14,0.10099999999999999
1985-10-06,0.11,0.1303
1985-11-06,0.09,0.1181
1985-12-06,0.15,0.1978
1986-01-06,0.3,0.3249
1986-02-06,0.39,0.2788
1986-03-06,0.29,0.2966
1986-04-06,0.26,0.2613
1986-05-06,0.26,0.2507
1986-06-06,0.12,0.2534
1986-07-06,0.13,0.1686
1986-08-06,0.12,0.1698
1986-09-06,0.02,0.1716
1986-10-06,0.14,0.2066
1986-11-06,0.11,0.1548
1986-12-06,0.16,0.2179
1987-01-06,0.36,0.3115
1987-02-06,0.46,0.5028
1987-03-06,0.17,0.2541
1987-04-06,0.24,0.3009
1987-05-06,0.26,0.3339
1987-06-06,0.36,0.3013
1987-07-06,0.46,0.4182
1987-08-06,0.28,0.3832
1987-09-06,0.39,0.4321
1987-10-06,0.32,0.3347
1987-11-06,0.25,0.3306
1987-12-06,0.47,0.5316
1988-01-06,0.57,0.5487
1988-02-06,0.42,0.3901
1988-03-06,0.49,0.4828
1988-04-06,0.45,0.4426
1988-05-06,0.44,0.3811
1988-06-06,0.42,0.3865
1988-07-06,0.35,0.3431
1988-08-06,0.46,0.3199
1988-09-06,0.42,0.3211
1988-10-06,0.4,0.3009
1988-11-06,0.13,0.2291
1988-12-06,0.34,0.3626
1989-01-06,0.16,0.2157
1989-02-06,0.35,0.3072
1989-03-06,0.36,0.336
1989-04-06,0.33,0.2891
1989-05-06,0.17,0.2779
1989-06-06,0.15,0.2727
1989-07-06,0.34,0.3016
1989-08-06,0.36,0.3021
1989-09-06,0.37,0.3019
1989-10-06,0.32,0.3044
1989-11-06,0.21,0.2541
1989-12-06,0.37,0.4013
1990-01-06,0.41,0.3613
1990-02-06,0.41,0.4072
1990-03-06,0.76,0.7328
1990-04-06,0.55,0.4907
1990-05-06,0.46,0.4274
1990-06-06,0.38,0.4114
1990-07-06,0.44,0.3453
1990-08-06,0.3,0.3479
1990-09-06,0.3,0.3144
1990-10-06,0.43,0.4277
1990-11-06,0.46,0.4797
1990-12-06,0.42,0.4481
1991-01-06,0.42,0.4512
1991-02-06,0.51,0.4661
1991-03-06,0.36,0.3658
1991-04-06,0.53,0.5168
1991-05-06,0.39,0.4107
1991-06-06,0.54,0.4813
1991-07-06,0.51,0.4462
1991-08-06,0.42,0.38799999999999996
1991-09-06,0.5,0.3863
1991-10-06,0.32,0.3292
1991-11-06,0.31,0.3175
1991-12-06,0.33,0.3064
1992-01-06,0.45,0.4721
1992-02-06,0.42,0.4485
1992-03-06,0.47,0.4333
1992-04-06,0.24,0.2936
1992-05-06,0.32,0.3276
1992-06-06,0.24,0.2821
1992-07-06,0.13,0.1359
1992-08-06,0.1,0.1405
1992-09-06,0.01,0.0588
1992-10-06,0.11,0.1154
1992-11-06,0.04,0.0943
1992-12-06,0.22,0.2833
1993-01-06,0.37,0.384
1993-02-06,0.39,0.3967
1993-03-06,0.36,0.4208
1993-04-06,0.28,0.3155
1993-05-06,0.26,0.3438
1993-06-06,0.24,0.293
1993-07-06,0.28,0.2336
1993-08-06,0.13,0.2118
1993-09-06,0.11,0.1692
1993-10-06,0.24,0.2442
1993-11-06,0.07,0.092
1993-12-06,0.19,0.3188
1994-01-06,0.3,0.2902
1994-02-06,0.04,0.0791
1994-03-06,0.26,0.3568
1994-04-06,0.41,0.3568
1994-05-06,0.29,0.3819
1994-06-06,0.42,0.387
1994-07-06,0.32,0.3155
1994-08-06,0.23,0.3119
1994-09-06,0.32,0.33
1994-10-06,0.42,0.4273
1994-11-06,0.46,0.45299999999999996
1994-12-06,0.36,0.4009
1995-01-06,0.5,0.5487
1995-02-06,0.77,0.6895
1995-03-06,0.45,0.4637
1995-04-06,0.47,0.4097
1995-05-06,0.29,0.3537
1995-06-06,0.45,0.4657
1995-07-06,0.49,0.4295
1995-08-06,0.48,0.5056
1995-09-06,0.34,0.3865
1995-10-06,0.49,0.4376
1995-11-06,0.45,0.455
1995-12-06,0.3,0.3477
1996-01-06,0.27,0.2625
1996-02-06,0.5,0.4562
1996-03-06,0.34,0.3242
1996-04-06,0.38,0.2725
1996-05-06,0.3,0.3908
1996-06-06,0.27,0.3547
1996-07-06,0.37,0.3238
1996-08-06,0.49,0.3206
1996-09-06,0.27,0.2696
1996-10-06,0.2,0.2276
1996-11-06,0.42,0.2816
1996-12-06,0.41,0.3893
1997-01-06,0.33,0.3746
1997-02-06,0.37,0.4288
1997-03-06,0.52,0.4617
1997-04-06,0.38,0.4551
1997-05-06,0.39,0.4235
1997-06-06,0.55,0.5308
1997-07-06,0.35,0.5101
1997-08-06,0.43,0.5491
1997-09-06,0.56,0.625
1997-10-06,0.64,0.6487
1997-11-06,0.66,0.5865
1997-12-06,0.6,0.6302
1998-01-06,0.61,0.6042
1998-02-06,0.9,0.866
1998-03-06,0.63,0.6396
1998-04-06,0.64,0.7358
1998-05-06,0.71,0.6679
1998-06-06,0.78,0.6657
1998-07-06,0.71,0.7358
1998-08-06,0.68,0.6816
1998-09-06,0.45,0.5271
1998-10-06,0.47,0.4965
1998-11-06,0.5,0.4132
1998-12-06,0.56,0.5796
1999-01-06,0.48,0.5007
1999-02-06,0.66,0.6733
1999-03-06,0.34,0.3702
1999-04-06,0.34,0.45899999999999996
1999-05-06,0.33,0.4086
1999-06-06,0.37,0.4203
1999-07-06,0.41,0.4029
1999-08-06,0.34,0.3695
1999-09-06,0.43,0.3976
1999-10-06,0.43,0.3773
1999-11-06,0.42,0.3688
1999-12-06,0.46,0.5779
2000-01-06,0.26,0.3467
2000-02-06,0.58,0.5439
2000-03-06,0.6,0.5561
2000-04-06,0.59,0.6311
2000-05-06,0.4,0.4657
2000-06-06,0.44,0.4076
2000-07-06,0.42,0.3919
2000-08-06,0.43,0.4557
2000-09-06,0.42,0.4384
2000-10-06,0.3,0.3027
2000-11-06,0.34,0.2557
2000-12-06,0.3,0.3192
2001-01-06,0.44,0.47200000000000003
2001-02-06,0.46,0.3946
2001-03-06,0.58,0.6293
2001-04-06,0.52,0.5666
2001-05-06,0.59,0.5997
2001-06-06,0.55,0.5373
2001-07-06,0.61,0.5586
2001-08-06,0.49,0.6032
2001-09-06,0.56,0.505
2001-10-06,0.52,0.5006
2001-11-06,0.7,0.688
2001-12-06,0.55,0.5128
2002-01-06,0.75,0.6962
2002-02-06,0.76,0.7846
2002-03-06,0.91,0.7887
2002-04-06,0.58,0.5725
2002-05-06,0.65,0.5656
2002-06-06,0.54,0.589
2002-07-06,0.62,0.6229
2002-08-06,0.55,0.5359
2002-09-06,0.65,0.5661
2002-10-06,0.57,0.4773
2002-11-06,0.59,0.5918
2002-12-06,0.43,0.4366
2003-01-06,0.73,0.6907
2003-02-06,0.55,0.5626
2003-03-06,0.57,0.5702
2003-04-06,0.55,0.5601
2003-05-06,0.62,0.5954
2003-06-06,0.49,0.5381
2003-07-06,0.55,0.5408
2003-08-06,0.66,0.6202
2003-09-06,0.66,0.6412
2003-10-06,0.75,0.7271
2003-11-06,0.55,0.5784
2003-12-06,0.75,0.7361
2004-01-06,0.59,0.5979
2004-02-06,0.71,0.7232
2004-03-06,0.64,0.6964
2004-04-06,0.62,0.594
2004-05-06,0.42,0.4442
2004-06-06,0.43,0.4707
2004-07-06,0.26,0.4806
2004-08-06,0.45,0.5141
2004-09-06,0.53,0.5331
2004-10-06,0.66,0.6177
2004-11-06,0.72,0.7601
2004-12-06,0.52,0.5081
2005-01-06,0.72,0.6223
2005-02-06,0.58,0.5143
2005-03-06,0.69,0.6918
2005-04-06,0.69,0.7314
2005-05-06,0.65,0.6573
2005-06-06,0.67,0.6722
2005-07-06,0.66,0.6572
2005-08-06,0.63,0.6247
2005-09-06,0.78,0.6867
2005-10-06,0.8,0.693
2005-11-06,0.76,0.728
2005-12-06,0.68,0.6235
2006-01-06,0.57,0.4567
2006-02-06,0.7,0.6221
2006-03-06,0.63,0.5931
2006-04-06,0.5,0.5177
2006-05-06,0.47,0.5499
2006-06-06,0.64,0.6399
2006-07-06,0.54,0.6218
2006-08-06,0.72,0.6231
2006-09-06,0.64,0.6337
2006-10-06,0.69,0.6774
2006-11-06,0.72,0.6449
2006-12-06,0.77,0.7692
2007-01-06,0.96,0.8839
2007-02-06,0.7,0.6609
2007-03-06,0.7,0.6668
2007-04-06,0.76,0.7336
2007-05-06,0.67,0.609
2007-06-06,0.58,0.5374
2007-07-06,0.62,0.5286
2007-08-06,0.6,0.5509
2007-09-06,0.64,0.5775
2007-10-06,0.6,0.5670000000000001
2007-11-06,0.57,0.5172
2007-12-06,0.5,0.4872
2008-01-06,0.24,0.2746
2008-02-06,0.36,0.3774
2008-03-06,0.73,0.7625
2008-04-06,0.53,0.4827
2008-05-06,0.51,0.5011
2008-06-06,0.48,0.5314
2008-07-06,0.6,0.5796
2008-08-06,0.44,0.5594
2008-09-06,0.65,0.5318
2008-10-06,0.67,0.669
2008-11-06,0.66,0.6703
2008-12-06,0.54,0.5635
2009-01-06,0.62,0.5955
2009-02-06,0.53,0.5679
2009-03-06,0.53,0.5794
2009-04-06,0.61,0.6539
2009-05-06,0.65,0.5868
2009-06-06,0.65,0.6741
2009-07-06,0.72,0.6439
2009-08-06,0.66,0.6998
2009-09-06,0.7,0.7083
2009-10-06,0.64,0.6418
2009-11-06,0.77,0.6716
2009-12-06,0.65,0.6176
2010-01-06,0.73,0.6958
2010-02-06,0.78,0.708
2010-03-06,0.92,0.847
2010-04-06,0.87,0.8287
2010-05-06,0.75,0.7582
2010-06-06,0.64,0.7339
2010-07-06,0.62,0.7287
2010-08-06,0.65,0.6595
2010-09-06,0.61,0.5724
2010-10-06,0.71,0.6268
2010-11-06,0.79,0.7682
2010-12-06,0.49,0.4894
2011-01-06,0.51,0.4706
2011-02-06,0.53,0.4976
2011-03-06,0.64,0.5915
2011-04-06,0.65,0.6522
2011-05-06,0.53,0.5741
2011-06-06,0.59,0.6465
2011-07-06,0.73,0.6282
2011-08-06,0.73,0.616
2011-09-06,0.56,0.5998
2011-10-06,0.66,0.6349
2011-11-06,0.56,0.4857
2011-12-06,0.54,0.5485
2012-01-06,0.46,0.4228
2012-02-06,0.49,0.4235
2012-03-06,0.58,0.5218
2012-04-06,0.69,0.7335
2012-05-06,0.76,0.7221
2012-06-06,0.62,0.7039
2012-07-06,0.57,0.6884
2012-08-06,0.63,0.6694
2012-09-06,0.76,0.7266
2012-10-06,0.78,0.7022
2012-11-06,0.75,0.7087
2012-12-06,0.53,0.4655
2013-01-06,0.68,0.5873
2013-02-06,0.55,0.6357
2013-03-06,0.66,0.6139
2013-04-06,0.52,0.561
2013-05-06,0.61,0.7141
2013-06-06,0.65,0.6838
2013-07-06,0.59,0.6662
2013-08-06,0.66,0.6605
2013-09-06,0.78,0.6857
2013-10-06,0.69,0.6787
2013-11-06,0.81,0.8293
2013-12-06,0.67,0.6981
2014-01-06,0.73,0.6936
2014-02-06,0.51,0.48
2014-03-06,0.77,0.7695
2014-04-06,0.78,0.8006
2014-05-06,0.87,0.7938
2014-06-06,0.66,0.7623
2014-07-06,0.57,0.6988
2014-08-06,0.82,0.7986
2014-09-06,0.9,0.7872
2014-10-06,0.85,0.7851
2014-11-06,0.67,0.6895
2014-12-06,0.79,0.8308
2015-01-06,0.81,0.8141
2015-02-06,0.86,0.8843
2015-03-06,0.9,0.8969
2015-04-06,0.74,0.7741
2015-05-06,0.78,0.8584
2015-06-06,0.78,0.8835
2015-07-06,0.71,0.8072
2015-08-06,0.78,0.8746
2015-09-06,0.81,0.9259999999999999
2015-10-06,1.06,0.9913
2015-11-06,1.04,0.9655
2015-12-06,1.11,1.1219
2016-01-06,1.17,1.0569
2016-02-06,1.35,1.1921
2016-03-06,1.3,1.2245
2016-04-06,1.09,1.0733
2016-05-06,0.93,0.8738
2016-06-06,0.76,0.9006
2016-07-06,0.83,0.8687
2016-08-06,0.98,0.8998
2016-09-06,0.87,0.8767
2016-10-06,0.89,0.7292
2016-11-06,0.93,0.7504
2016-12-06,0.81,0.7895
